Movie Name,Year of Release,Duration,Genre,IMBD Rating,Director,Cast,Plot
The Shawshank Redemption,1994,2h 22m,['Drama'],9.3,Frank Darabont,"Tim Robbins, Morgan Freeman, Bob Gunton","A Maine banker convicted of the murder of his wife and her lover in 1947 gradually forms a friendship over a quarter century with a hardened convict, while maintaining his innocence and trying to remain hopeful through simple comp..."
The Godfather,1972,2h 55m,"['Crime', 'Drama']",9.2,Francis Ford Coppola,"Marlon Brando, Al Pacino, James Caan","Don Vito Corleone, head of a mafia family, decides to hand over his empire to his youngest son, Michael. However, his decision unintentionally puts the lives of his loved ones in grave danger."
The Dark Knight,2008,2h 32m,"['Action', 'Crime', 'Drama']",9.0,Christopher Nolan,"Christian Bale, Heath Ledger, Aaron Eckhart","When the menace known as the Joker wreaks havoc and chaos on the people of Gotham, Batman, James Gordon and Harvey Dent must work together to put an end to the madness."
The Godfather Part II,1974,3h 22m,"['Crime', 'Drama']",9.0,Francis Ford Coppola,"Al Pacino, Robert De Niro, Robert Duvall","The early life and career of Vito Corleone in 1920s New York City is portrayed, while his son, Michael, expands and tightens his grip on the family crime syndicate."
12 Angry Men,1957,1h 36m,"['Crime', 'Drama']",9.0,Sidney Lumet,"Henry Fonda, Lee J. Cobb, Martin Balsam",The jury in a New York City murder trial is frustrated by a single member whose skeptical caution forces them to more carefully consider the evidence before jumping to a hasty verdict.
Schindler&apos;s List,1994,3h 15m,"['Biography', 'Drama', 'History']",9.0,Steven Spielberg,"Liam Neeson, Ralph Fiennes, Ben Kingsley","In German-occupied Poland during World War II, industrialist Oskar Schindler gradually becomes concerned for his Jewish workforce after witnessing their persecution by the Nazis."
The Lord of the Rings: The Return of the King,2003,3h 21m,"['Action', 'Adventure', 'Drama']",9.0,Peter Jackson,"Elijah Wood, Viggo Mortensen, Ian McKellen",Gandalf and Aragorn lead the World of Men against Sauron&apos;s army to draw his gaze from Frodo and Sam as they approach Mount Doom with the One Ring.
Pulp Fiction,1994,2h 34m,"['Crime', 'Drama']",8.9,Quentin Tarantino,"John Travolta, Uma Thurman, Samuel L. Jackson","The lives of two mob hitmen, a boxer, a gangster and his wife, and a pair of diner bandits intertwine in four tales of violence and redemption."
The Lord of the Rings: The Fellowship of the Ring,2001,2h 58m,"['Action', 'Adventure', 'Drama']",8.9,Peter Jackson,"Elijah Wood, Ian McKellen, Orlando Bloom",A meek Hobbit from the Shire and eight companions set out on a journey to destroy the powerful One Ring and save Middle-earth from the Dark Lord Sauron.
"Il buono, il brutto, il cattivo",1967,2h 58m,"['Adventure', 'Drama', 'Western']",8.8,Sergio Leone,"Clint Eastwood, Eli Wallach, Lee Van Cleef",A bounty hunting scam joins two men in an uneasy alliance against a third in a race to find a fortune in gold buried in a remote cemetery.
Forrest Gump,1994,2h 22m,"['Drama', 'Romance']",8.8,Robert Zemeckis,"Tom Hanks, Robin Wright, Gary Sinise","The history of the United States from the 1950s to the &apos;70s unfolds from the perspective of an Alabama man with an IQ of 75, who yearns to be reunited with his childhood sweetheart."
The Lord of the Rings: The Two Towers,2002,2h 59m,"['Action', 'Adventure', 'Drama']",8.8,Peter Jackson,"Elijah Wood, Ian McKellen, Viggo Mortensen","While Frodo and Sam edge closer to Mordor with the help of the shifty Gollum, the divided fellowship makes a stand against Sauron&apos;s new ally, Saruman, and his hordes of Isengard."
Fight Club,1999,2h 19m,['Drama'],8.8,David Fincher,"Brad Pitt, Edward Norton, Meat Loaf",An insomniac office worker and a devil-may-care soap maker form an underground fight club that evolves into much more.
Inception,2010,2h 28m,"['Action', 'Adventure', 'Sci-Fi']",8.8,Christopher Nolan,"Leonardo DiCaprio, Joseph Gordon-Levitt, Elliot Page","A thief who steals corporate secrets through the use of dream-sharing technology is given the inverse task of planting an idea into the mind of a C.E.O., but his tragic past may doom the project and his team to disaster."
Star Wars: Episode V - The Empire Strikes Back,1980,2h 4m,"['Action', 'Adventure', 'Fantasy']",8.7,Irvin Kershner,"Mark Hamill, Harrison Ford, Carrie Fisher","After the Empire overpowers the Rebel Alliance, Luke Skywalker begins his Jedi training with Yoda. At the same time, Darth Vader and bounty hunter Boba Fett pursue his friends across the galaxy."
The Matrix,1999,2h 16m,"['Action', 'Sci-Fi']",8.7,Lana Wachowski,"Keanu Reeves, Laurence Fishburne, Carrie-Anne Moss","When a beautiful stranger leads computer hacker Neo to a forbidding underworld, he discovers the shocking truth--the life he knows is the elaborate deception of an evil cyber-intelligence."
Goodfellas,1990,2h 25m,"['Biography', 'Crime', 'Drama']",8.7,Martin Scorsese,"Robert De Niro, Ray Liotta, Joe Pesci","The story of Henry Hill and his life in the mafia, covering his relationship with his wife Karen and his mob partners Jimmy Conway and Tommy DeVito."
One Flew Over the Cuckoo&apos;s Nest,1975,2h 13m,['Drama'],8.7,Milos Forman,"Jack Nicholson, Louise Fletcher, Michael Berryman","In the Fall of 1963, a Korean War veteran and criminal pleads insanity and is admitted to a mental institution, where he rallies up the scared patients against the tyrannical nurse."
Interstellar,2014,2h 49m,"['Adventure', 'Drama', 'Sci-Fi']",8.7,Christopher Nolan,"Matthew McConaughey, Anne Hathaway, Jessica Chastain","When Earth becomes uninhabitable in the future, a farmer and ex-NASA pilot, Joseph Cooper, is tasked to pilot a spacecraft, along with a team of researchers, to find a new planet for humans."
Se7en,1995,2h 7m,"['Crime', 'Drama', 'Mystery']",8.6,David Fincher,"Morgan Freeman, Brad Pitt, Kevin Spacey","Two detectives, a rookie and a veteran, hunt a serial killer who uses the seven deadly sins as his motives."
It&apos;s a Wonderful Life,1947,2h 10m,"['Drama', 'Family', 'Fantasy']",8.6,Frank Capra,"James Stewart, Donna Reed, Lionel Barrymore",An angel is sent from Heaven to help a desperately frustrated businessman by showing him what life would have been like if he had never existed.
Shichinin no samurai,1956,3h 27m,"['Action', 'Drama']",8.6,Akira Kurosawa,"Toshirô Mifune, Takashi Shimura, Keiko Tsushima","Farmers from a village exploited by bandits hire a veteran samurai for protection, who gathers six other samurai to join him."
The Silence of the Lambs,1991,1h 58m,"['Crime', 'Drama', 'Thriller']",8.6,Jonathan Demme,"Jodie Foster, Anthony Hopkins, Scott Glenn","A young F.B.I. cadet must receive the help of an incarcerated and manipulative cannibal killer to help catch another serial killer, a madman who skins his victims."
Saving Private Ryan,1998,2h 49m,"['Drama', 'War']",8.6,Steven Spielberg,"Tom Hanks, Matt Damon, Tom Sizemore","Following the Normandy Landings, a group of U.S. soldiers go behind enemy lines to retrieve a paratrooper whose brothers have been killed in action."
Cidade de Deus,2004,2h 10m,"['Crime', 'Drama']",8.6,Fernando Meirelles,"Alexandre Rodrigues, Leandro Firmino, Matheus Nachtergaele","In the slums of Rio, two kids&apos; paths diverge as one struggles to become a photographer and the other a kingpin."
La vita è bella,1997,1h 56m,"['Comedy', 'Drama', 'Romance']",8.6,Roberto Benigni,"Roberto Benigni, Nicoletta Braschi, Giorgio Cantarini","When an open-minded Jewish waiter and his son become victims of the Holocaust, he uses a perfect mixture of will, humor and imagination to protect his son from the dangers around their camp."
The Green Mile,1999,3h 9m,"['Crime', 'Drama', 'Fantasy']",8.6,Frank Darabont,"Tom Hanks, Michael Clarke Duncan, David Morse","A tale set on death row, where gentle giant John Coffey possesses the mysterious power to heal people&apos;s ailments. When the lead guard, Paul Edgecombe, recognizes John&apos;s gift, he tries to help stave off the condemned man&apos;s execution."
Terminator 2: Judgment Day,1991,2h 17m,"['Action', 'Adventure', 'Sci-Fi']",8.6,James Cameron,"Arnold Schwarzenegger, Linda Hamilton, Edward Furlong","A cyborg, identical to the one who failed to kill Sarah Connor, must now protect her ten year old son John from an even more advanced and powerful cyborg."
Star Wars,1977,2h 1m,"['Action', 'Adventure', 'Fantasy']",8.6,George Lucas,"Mark Hamill, Harrison Ford, Carrie Fisher","Luke Skywalker joins forces with a Jedi Knight, a cocky pilot, a Wookiee and two droids to save the galaxy from the Empire&apos;s world-destroying battle station, while also attempting to rescue Princess Leia from the mysterious Darth ..."
Back to the Future,1985,1h 56m,"['Adventure', 'Comedy', 'Sci-Fi']",8.5,Robert Zemeckis,"Michael J. Fox, Christopher Lloyd, Lea Thompson","Marty McFly, a 17-year-old high school student, is accidentally sent 30 years into the past in a time-traveling DeLorean invented by his close friend, the maverick scientist Doc Brown."
Sen to Chihiro no kamikakushi,2003,2h 5m,"['Animation', 'Adventure', 'Family']",8.6,Hayao Miyazaki,"Daveigh Chase, Suzanne Pleshette, Miyu Irino","During her family&apos;s move to the suburbs, a sullen 10-year-old girl wanders into a world ruled by gods, witches and spirits, and where humans are changed into beasts."
The Pianist,2003,2h 30m,"['Biography', 'Drama', 'Music']",8.5,Roman Polanski,"Adrien Brody, Thomas Kretschmann, Frank Finlay","During WWII, acclaimed Polish musician Wladyslaw faces various struggles as he loses contact with his family. As the situation worsens, he hides in the ruins of Warsaw in order to survive."
Gisaengchung,2019,2h 12m,"['Drama', 'Thriller']",8.5,Bong Joon Ho,"Song Kang-ho, Lee Sun-kyun, Cho Yeo-jeong",Greed and class discrimination threaten the newly-formed symbiotic relationship between the wealthy Park family and the destitute Kim clan.
Psycho,1960,1h 49m,"['Horror', 'Mystery', 'Thriller']",8.5,Alfred Hitchcock,"Anthony Perkins, Janet Leigh, Vera Miles",A secretary on the run for embezzlement takes refuge at a secluded California motel owned by a repressed man and his overbearing mother.
Gladiator,2000,2h 35m,"['Action', 'Adventure', 'Drama']",8.5,Ridley Scott,"Russell Crowe, Joaquin Phoenix, Connie Nielsen",A former Roman General sets out to exact vengeance against the corrupt emperor who murdered his family and sent him into slavery.
The Lion King,1994,1h 28m,"['Animation', 'Adventure', 'Drama']",8.5,Roger Allers,"Matthew Broderick, Jeremy Irons, James Earl Jones","Lion prince Simba and his father are targeted by his bitter uncle, who wants to ascend the throne himself."
Spider-Man: Across the Spider-Verse,2023,2h 20m,"['Animation', 'Action', 'Adventure']",8.6,Joaquim Dos Santos,"Shameik Moore, Hailee Steinfeld, Brian Tyree Henry","Miles Morales catapults across the multiverse, where he encounters a team of Spider-People charged with protecting its very existence. When the heroes clash on how to handle a new threat, Miles must redefine what it means to be a ..."
The Departed,2006,2h 31m,"['Crime', 'Drama', 'Thriller']",8.5,Martin Scorsese,"Leonardo DiCaprio, Matt Damon, Jack Nicholson",An undercover cop and a mole in the police attempt to identify each other while infiltrating an Irish gang in South Boston.
Whiplash,2024,1h 46m,"['Drama', 'Music']",8.5,Damien Chazelle,"Miles Teller, J.K. Simmons, Melissa Benoist",A promising young drummer enrolls at a cut-throat music conservatory where his dreams of greatness are mentored by an instructor who will stop at nothing to realize a student&apos;s potential.
American History X,1998,1h 59m,"['Crime', 'Drama']",8.5,Tony Kaye,"Edward Norton, Edward Furlong, Beverly D&apos;Angelo","Living a life marked by violence, neo-Nazi Derek finally goes to prison after killing two black youths. Upon his release, Derek vows to change; he hopes to prevent his brother, Danny, who idolizes Derek, from following in his foot..."
Léon,1994,1h 50m,"['Action', 'Crime', 'Drama']",8.5,Luc Besson,"Jean Reno, Gary Oldman, Natalie Portman","12-year-old Mathilda is reluctantly taken in by Léon, a professional assassin, after her family is murdered. An unusual relationship forms as she becomes his protégée and learns the assassin&apos;s trade."
The Prestige,2006,2h 10m,"['Drama', 'Mystery', 'Sci-Fi']",8.5,Christopher Nolan,"Christian Bale, Hugh Jackman, Scarlett Johansson","After a tragic accident, two stage magicians in 1890s London engage in a battle to create the ultimate illusion while sacrificing everything they have to outwit each other."
Hotaru no haka,1989,1h 28m,"['Animation', 'Drama', 'War']",8.5,Isao Takahata,"Tsutomu Tatsumi, Ayano Shiraishi, Akemi Yamaguchi",A young boy and his little sister struggle to survive in Japan during World War II.
Dune: Part Two,2024,2h 46m,"['Action', 'Adventure', 'Drama']",8.5,Denis Villeneuve,"Timothée Chalamet, Zendaya, Rebecca Ferguson",Paul Atreides unites with Chani and the Fremen while seeking revenge against the conspirators who destroyed his family.
Seppuku,1964,2h 13m,"['Action', 'Drama', 'Mystery']",8.6,Masaki Kobayashi,"Tatsuya Nakadai, Akira Ishihama, Shima Iwashita","When a ronin requesting seppuku at a feudal lord&apos;s palace is told of the brutal suicide of another ronin who previously visited, he reveals how their pasts are intertwined - and in doing so challenges the clan&apos;s integrity."
The Usual Suspects,1995,1h 46m,"['Crime', 'Drama', 'Mystery']",8.5,Bryan Singer,"Kevin Spacey, Gabriel Byrne, Chazz Palminteri",The sole survivor of a pier shoot-out tells the story of how a notorious criminal influenced the events that began with five criminals meeting in a seemingly random police lineup.
Casablanca,1943,1h 42m,"['Drama', 'Romance', 'War']",8.5,Michael Curtiz,"Humphrey Bogart, Ingrid Bergman, Paul Henreid",A cynical expatriate American cafe owner struggles to decide whether or not to help his former lover and her fugitive husband escape the Nazis in French Morocco.
Intouchables,2011,1h 52m,"['Comedy', 'Drama']",8.5,Olivier Nakache,"François Cluzet, Omar Sy, Anne Le Ny","After he becomes a quadriplegic from a paragliding accident, an aristocrat hires a young man from the projects to be his caregiver."
Nuovo Cinema Paradiso,1990,2h 54m,"['Drama', 'Romance']",8.5,Giuseppe Tornatore,"Philippe Noiret, Enzo Cannavale, Antonella Attili","Salvatore, a famous film director, returns to his hometown for the funeral of the local theater&apos;s film projectionist, Alfredo. He reminisces about his life as a young boy falling in love with cinema."
Modern Times,1936,1h 27m,"['Comedy', 'Drama', 'Romance']",8.5,Charles Chaplin,"Charles Chaplin, Paulette Goddard, Henry Bergman",The Tramp struggles to live in modern industrial society with the help of a young homeless woman.
Alien,1979,1h 57m,"['Horror', 'Sci-Fi']",8.5,Ridley Scott,"Sigourney Weaver, Tom Skerritt, John Hurt","After investigating a mysterious transmission of unknown origin, the crew of a commercial spacecraft encounters a deadly lifeform."
Rear Window,1954,1h 52m,"['Mystery', 'Thriller']",8.5,Alfred Hitchcock,"James Stewart, Grace Kelly, Wendell Corey","A house and wheelchair-bound photographer, his fashion model girlfriend and his visiting Nurse spy on neighbors from his courtyard window. Despite skepticism by his PD Detective friend, they&apos;re convinced one of his neighbors is a ..."
C&apos;era una volta il West,1969,2h 46m,"['Drama', 'Western']",8.5,Sergio Leone,"Henry Fonda, Charles Bronson, Claudia Cardinale",A mysterious stranger with a harmonica joins forces with a notorious desperado to protect a beautiful widow from a ruthless assassin working for the railroad.
City Lights,1931,1h 27m,"['Comedy', 'Drama', 'Romance']",8.5,Charles Chaplin,"Charles Chaplin, Virginia Cherrill, Florence Lee","With the aid of a wealthy erratic tippler, a dewy-eyed tramp who has fallen in love with a sightless flower girl accumulates money to be able to help her medically."
Django Unchained,2012,2h 45m,"['Comedy', 'Drama', 'Western']",8.5,Quentin Tarantino,"Jamie Foxx, Christoph Waltz, Leonardo DiCaprio","With the help of a German bounty-hunter, a freed slave sets out to rescue his wife from a brutal plantation owner in Mississippi."
Apocalypse Now,1979,2h 27m,"['Drama', 'Mystery', 'War']",8.4,Francis Ford Coppola,"Martin Sheen, Marlon Brando, Robert Duvall",A U.S. Army officer serving in Vietnam is tasked with assassinating a renegade Special Forces Colonel who sees himself as a god.
Memento,2001,1h 53m,"['Mystery', 'Thriller']",8.4,Christopher Nolan,"Guy Pearce, Carrie-Anne Moss, Joe Pantoliano","Leonard Shelby, an insurance investigator, suffers from anterograde amnesia and uses notes and tattoos to hunt for the man he thinks killed his wife, which is the last thing he remembers."
WALL·E,2008,1h 38m,"['Animation', 'Adventure', 'Family']",8.4,Andrew Stanton,"Ben Burtt, Elissa Knight, Jeff Garlin","A robot who is responsible for cleaning a waste-covered Earth meets another robot and falls in love with her. Together, they set out on a journey that will alter the fate of mankind."
Raiders of the Lost Ark,1981,1h 55m,"['Action', 'Adventure']",8.4,Steven Spielberg,"Harrison Ford, Karen Allen, Paul Freeman","In 1936, archaeologists and adventurers of the U.S. government hired Indiana Jones to find the Ark of the Covenant before the Nazis could obtain its extraordinary powers."
12th Fail,2023,2h 27m,"['Biography', 'Drama']",8.9,Vidhu Vinod Chopra,"Vikrant Massey, Medha Shankr, Anant Joshi",The real-life story of IPS Officer Manoj Kumar Sharma and IRS Officer Shraddha Joshi.
Das Leben der Anderen,2007,2h 17m,"['Drama', 'Mystery', 'Thriller']",8.4,Florian Henckel von Donnersmarck,"Ulrich Mühe, Martina Gedeck, Sebastian Koch","In 1984 East Berlin, an agent of the secret police conducting surveillance on a writer and his lover finds himself becoming increasingly absorbed by their lives."
Sunset Blvd.,1950,1h 50m,"['Drama', 'Film-Noir']",8.4,Billy Wilder,"William Holden, Gloria Swanson, Erich von Stroheim",A screenwriter develops a dangerous relationship with a faded film star determined to make a triumphant return.
Avengers: Infinity War,2018,2h 29m,"['Action', 'Adventure', 'Sci-Fi']",8.4,Anthony Russo,"Robert Downey Jr., Chris Hemsworth, Mark Ruffalo",The Avengers and their allies must be willing to sacrifice all in an attempt to defeat the powerful Thanos before his blitz of devastation and ruin puts an end to the universe.
Paths of Glory,1957,1h 28m,"['Drama', 'War']",8.4,Stanley Kubrick,"Kirk Douglas, Ralph Meeker, Adolphe Menjou","After a failed attack on a German position, a general orders three soldiers, chosen at random, court-martialed for cowardice and their commanding officer must defend them."
Spider-Man: Into the Spider-Verse,2018,1h 57m,"['Animation', 'Action', 'Adventure']",8.4,Bob Persichetti,"Shameik Moore, Jake Johnson, Hailee Steinfeld",Teen Miles Morales becomes the Spider-Man of his universe and must join with five spider-powered individuals from other dimensions to stop a threat for all realities.
Witness for the Prosecution,1958,1h 56m,"['Crime', 'Drama', 'Mystery']",8.4,Billy Wilder,"Tyrone Power, Marlene Dietrich, Charles Laughton",A veteran British barrister must defend his client in a murder trial that has surprise after surprise.
The Shining,1980,2h 26m,"['Drama', 'Horror']",8.4,Stanley Kubrick,"Jack Nicholson, Shelley Duvall, Danny Lloyd","A family heads to an isolated hotel for the winter, where a sinister presence influences the father into violence. At the same time, his psychic son sees horrifying forebodings from both the past and the future."
The Great Dictator,1941,2h 5m,"['Comedy', 'Drama', 'War']",8.4,Charles Chaplin,"Charles Chaplin, Paulette Goddard, Jack Oakie",Dictator Adenoid Hynkel tries to expand his empire while a poor Jewish barber tries to avoid persecution from Hynkel&apos;s regime.
Aliens,1986,2h 17m,"['Action', 'Adventure', 'Sci-Fi']",8.4,James Cameron,"Sigourney Weaver, Michael Biehn, Carrie Henn","Decades after surviving the Nostromo incident, Ellen Ripley is sent out to re-establish contact with a terraforming colony but finds herself battling the Alien Queen and her offspring."
Inglourious Basterds,2009,2h 33m,"['Adventure', 'Drama', 'War']",8.4,Quentin Tarantino,"Brad Pitt, Diane Kruger, Eli Roth","In Nazi-occupied France during World War II, a plan to assassinate Nazi leaders by a group of Jewish U.S. soldiers coincides with a theatre owner&apos;s vengeful plans for the same."
The Dark Knight Rises,2012,2h 44m,"['Action', 'Drama', 'Thriller']",8.4,Christopher Nolan,"Christian Bale, Tom Hardy, Anne Hathaway","Bane, an imposing terrorist, attacks Gotham City and disrupts its eight-year-long period of peace. This forces Bruce Wayne to come out of hiding and don the cape and cowl of Batman again."
Coco,2017,1h 45m,"['Animation', 'Adventure', 'Drama']",8.4,Lee Unkrich,"Anthony Gonzalez, Gael García Bernal, Benjamin Bratt","Aspiring musician Miguel, confronted with his family&apos;s ancestral ban on music, enters the Land of the Dead to find his great-great-grandfather, a legendary singer."
Amadeus,1984,2h 40m,"['Biography', 'Drama', 'Music']",8.4,Milos Forman,"F. Murray Abraham, Tom Hulce, Elizabeth Berridge","The life, success and troubles of Wolfgang Amadeus Mozart, as told by Antonio Salieri, the contemporaneous composer who was deeply jealous of Mozart&apos;s talent and claimed to have murdered him."
Dr. Strangelove or: How I Learned to Stop Worrying and Love the Bomb,1964,1h 35m,"['Comedy', 'War']",8.3,Stanley Kubrick,"Peter Sellers, George C. Scott, Sterling Hayden","An unhinged American general orders a bombing attack on the Soviet Union, triggering a path to nuclear holocaust that a war room full of politicians and generals frantically tries to stop."
Toy Story,1995,1h 21m,"['Animation', 'Adventure', 'Comedy']",8.3,John Lasseter,"Tom Hanks, Tim Allen, Don Rickles",A cowboy doll is profoundly threatened and jealous when a new spaceman action figure supplants him as top toy in a boy&apos;s bedroom.
Oldeuboi,2003,N/A,"['Action', 'Drama', 'Mystery']",8.3,Park Chan-wook,"Choi Min-sik, Yoo Ji-tae, Kang Hye-jeong","After being kidnapped and imprisoned for fifteen years, Oh Dae-Su is released, only to find that he must track down his captor in five days."
American Beauty,1999,2h 2m,['Drama'],8.3,Sam Mendes,"Kevin Spacey, Annette Bening, Thora Birch",A sexually frustrated suburban father has a mid-life crisis after becoming infatuated with his daughter&apos;s best friend.
Avengers: Endgame,2019,3h 1m,"['Action', 'Adventure', 'Drama']",8.4,Anthony Russo,"Robert Downey Jr., Chris Evans, Mark Ruffalo","After the devastating events of Avengers: Infinity War (2018), the universe is in ruins. With the help of remaining allies, the Avengers assemble once more in order to reverse Thanos&apos; actions and restore balance to the universe."
Braveheart,1995,2h 58m,"['Biography', 'Drama', 'War']",8.3,Mel Gibson,"Mel Gibson, Sophie Marceau, Patrick McGoohan",Scottish warrior William Wallace leads his countrymen in a rebellion to free his homeland from the tyranny of King Edward I of England.
Das Boot,1982,2h 29m,"['Drama', 'War']",8.4,Wolfgang Petersen,"Jürgen Prochnow, Herbert Grönemeyer, Klaus Wennemann",A German U-boat stalks the frigid waters of the North Atlantic as its young crew experience the sheer terror and claustrophobic life of a submariner in World War II.
Good Will Hunting,1998,2h 6m,"['Drama', 'Romance']",8.3,Gus Van Sant,"Robin Williams, Matt Damon, Ben Affleck","Will Hunting, a janitor at MIT, has a gift for mathematics, but needs help from a psychologist to find direction in his life."
Mononoke-hime,1997,2h 14m,"['Animation', 'Action', 'Adventure']",8.3,Hayao Miyazaki,"Yôji Matsuda, Yuriko Ishida, Yûko Tanaka","On a journey to find the cure for a Tatarigami&apos;s curse, Ashitaka finds himself in the middle of a war between the forest gods and Tatara, a mining colony. In this quest he also meets San, the Mononoke Hime."
Joker,2019,2h 2m,"['Crime', 'Drama', 'Thriller']",8.4,Todd Phillips,"Joaquin Phoenix, Robert De Niro, Zazie Beetz","Arthur Fleck, a party clown and a failed stand-up comedian, leads an impoverished life with his ailing mother. However, when society shuns him and brands him as a freak, he decides to embrace the life of crime and chaos in Gotham ..."
Kimi no na wa.,2017,1h 46m,"['Animation', 'Drama', 'Fantasy']",8.4,Makoto Shinkai,"Ryunosuke Kamiki, Mone Kamishiraishi, Ryo Narita","Two teenagers share a profound, magical connection upon discovering they are swapping bodies. Things manage to become even more complicated when the boy and girl decide to meet in person."
Tengoku to jigoku,1963,2h 23m,"['Crime', 'Drama', 'Mystery']",8.4,Akira Kurosawa,"Toshirô Mifune, Yutaka Sada, Tatsuya Nakadai",An executive of a Yokohama shoe company becomes a victim of extortion when his chauffeur&apos;s son is kidnapped by mistake and held for ransom.
3 Idiots,2009,2h 50m,"['Comedy', 'Drama']",8.4,Rajkumar Hirani,"Aamir Khan, Madhavan, Mona Singh","Two friends are searching for their long lost companion. They revisit their college days and recall the memories of their friend who inspired them to think differently, even as the rest of the world called them &quot;idiots&quot;."
Once Upon a Time in America,1984,3h 49m,"['Crime', 'Drama']",8.3,Sergio Leone,"Robert De Niro, James Woods, Elizabeth McGovern","A former Prohibition-era Jewish gangster returns to the Lower East Side of Manhattan 35 years later, where he must once again confront the ghosts and regrets of his old life."
Singin&apos; in the Rain,1952,1h 43m,"['Comedy', 'Musical', 'Romance']",8.3,Stanley Donen,"Gene Kelly, Donald O&apos;Connor, Debbie Reynolds",A silent film star falls for a chorus girl just as he and his delusionally jealous screen partner are trying to make the difficult transition to talking pictures in 1920s Hollywood.
Capharnaüm,2018,2h 6m,['Drama'],8.4,Nadine Labaki,"Zain Al Rafeea, Yordanos Shiferaw, Boluwatife Treasure Bankole","While serving a five-year sentence for a violent crime, a 12-year-old boy sues his parents for neglect."
Idi i smotri,1985,2h 22m,"['Drama', 'Thriller', 'War']",8.4,Elem Klimov,"Aleksey Kravchenko, Olga Mironova, Liubomiras Laucevicius","After finding an old rifle, a young boy joins the Soviet resistance movement against ruthless German forces and experiences the horrors of World War II."
Requiem for a Dream,2000,1h 42m,['Drama'],8.3,Darren Aronofsky,"Ellen Burstyn, Jared Leto, Jennifer Connelly",The drug-induced utopias of four Coney Island people are shattered when their addictions run deep..
Toy Story 3,2010,1h 43m,"['Animation', 'Adventure', 'Comedy']",8.3,Lee Unkrich,"Tom Hanks, Tim Allen, Joan Cusack","The toys are mistakenly delivered to a day-care center instead of the attic right before Andy leaves for college, and it&apos;s up to Woody to convince the other toys that they weren&apos;t abandoned and to return home."
Star Wars: Episode VI - Return of the Jedi,1983,2h 11m,"['Action', 'Adventure', 'Fantasy']",8.3,Richard Marquand,"Mark Hamill, Harrison Ford, Carrie Fisher","After rescuing Han Solo from Jabba the Hutt, the Rebel Alliance attempts to destroy the second Death Star while Luke struggles to help Darth Vader back from the dark side."
Eternal Sunshine of the Spotless Mind,2004,1h 48m,"['Drama', 'Romance', 'Sci-Fi']",8.3,Michel Gondry,"Jim Carrey, Kate Winslet, Tom Wilkinson","When their relationship turns sour, a couple undergoes a medical procedure to have each other erased from their memories forever."
Jagten,2013,1h 55m,['Drama'],8.3,Thomas Vinterberg,"Mads Mikkelsen, Thomas Bo Larsen, Annika Wedderkopp","A teacher lives a lonely life, all the while struggling over his son&apos;s custody. His life slowly gets better as he finds love and receives good news from his son, but his new luck is about to be brutally shattered by an innocent li..."
2001: A Space Odyssey,1968,2h 29m,"['Adventure', 'Sci-Fi']",8.3,Stanley Kubrick,"Keir Dullea, Gary Lockwood, William Sylvester","After uncovering a mysterious artifact buried beneath the Lunar surface, a spacecraft is sent to Jupiter to find its origins: a spacecraft manned by two men and the supercomputer HAL 9000."
Ikiru,1956,2h 23m,['Drama'],8.3,Akira Kurosawa,"Takashi Shimura, Nobuo Kaneko, Shin&apos;ichi Himori",A bureaucrat tries to find meaning in his life after he discovers he has terminal cancer.
Reservoir Dogs,1992,1h 39m,"['Crime', 'Thriller']",8.3,Quentin Tarantino,"Harvey Keitel, Tim Roth, Michael Madsen","When a simple jewelry heist goes horribly wrong, the surviving criminals begin to suspect that one of them is a police informant."
Lawrence of Arabia,2013,3h 38m,"['Adventure', 'Biography', 'Drama']",8.3,David Lean,"Peter O&apos;Toole, Alec Guinness, Anthony Quinn","The story of T.E. Lawrence, the English officer who successfully united and led the diverse, often warring, Arab tribes during World War I in order to fight the Turks."
The Apartment,1960,2h 5m,"['Comedy', 'Drama', 'Romance']",8.3,Billy Wilder,"Jack Lemmon, Shirley MacLaine, Fred MacMurray","A Manhattan insurance clerk tries to rise in his company by letting its executives use his apartment for trysts, but office politics and his own romantic hopes complicate matters."
Incendies,2011,2h 11m,"['Drama', 'Mystery', 'War']",8.3,Denis Villeneuve,"Lubna Azabal, Mélissa Désormeaux-Poulin, Maxim Gaudette",Twins journey to the Middle East to discover their family history and fulfill their mother&apos;s last wishes.
Oppenheimer,2023,N/A,"['Biography', 'Drama', 'History']",8.3,Christopher Nolan,"Cillian Murphy, Emily Blunt, Matt Damon",The story of American scientist J. Robert Oppenheimer and his role in the development of the atomic bomb.
North by Northwest,1959,2h 16m,"['Action', 'Adventure', 'Mystery']",8.3,Alfred Hitchcock,"Cary Grant, Eva Marie Saint, James Mason","A New York City advertising executive goes on the run after being mistaken for a government agent by a group of foreign spies, and falls for a woman whose loyalties he begins to doubt."
Scarface,1983,2h 50m,"['Crime', 'Drama']",8.3,Brian De Palma,"Al Pacino, Michelle Pfeiffer, Steven Bauer","Miami in the 1980s: a determined criminal minded Cuban immigrant, becomes the biggest drug smuggler in Florida, and is eventually undone by his own drug addiction."
Citizen Kane,1941,1h 59m,"['Drama', 'Mystery']",8.3,Orson Welles,"Orson Welles, Joseph Cotten, Dorothy Comingore","Following the death of publishing tycoon Charles Foster Kane, reporters scramble to uncover the meaning of his final utterance: &apos;Rosebud.&apos;"
Double Indemnity,1944,1h 47m,"['Crime', 'Drama', 'Film-Noir']",8.3,Billy Wilder,"Fred MacMurray, Barbara Stanwyck, Edward G. Robinson","A Los Angeles insurance representative is seduced by an alluring housewife into a scheme of insurance fraud and murder that arouses the suspicion of his colleague, a claims investigator."
M - Eine Stadt sucht einen Mörder,1931,1h 39m,"['Crime', 'Mystery', 'Thriller']",8.3,Fritz Lang,"Peter Lorre, Ellen Widmann, Inge Landgut","When the police in a German city are unable to catch a child-murderer, other criminals join in the manhunt."
Vertigo,1958,2h 8m,"['Mystery', 'Romance', 'Thriller']",8.3,Alfred Hitchcock,"James Stewart, Kim Novak, Barbara Bel Geddes","A former San Francisco police detective juggles wrestling with his personal demons and becoming obsessed with the hauntingly beautiful woman he has been hired to trail, who may be deeply disturbed."
Full Metal Jacket,1987,1h 56m,"['Drama', 'War']",8.2,Stanley Kubrick,"Matthew Modine, R. Lee Ermey, Vincent D&apos;Onofrio",A pragmatic U.S. Marine observes the dehumanizing effects the Vietnam War has on his fellow recruits from their brutal boot camp training to the bloody street fighting in Hue.
Heat,1995,2h 50m,"['Action', 'Crime', 'Drama']",8.3,Michael Mann,"Al Pacino, Robert De Niro, Val Kilmer",A group of high-end professional thieves start to feel the heat from the LAPD when they unknowingly leave a verbal clue at their latest heist.
Le fabuleux destin d&apos;Amélie Poulain,2002,2h 2m,"['Comedy', 'Romance']",8.3,Jean-Pierre Jeunet,"Audrey Tautou, Mathieu Kassovitz, Rufus","Despite being caught in her imaginative world, Amelie, a young waitress, decides to help people find happiness. Her quest to spread joy leads her on a journey where she finds true love."
Up,2009,1h 36m,"['Animation', 'Adventure', 'Comedy']",8.3,Pete Docter,"Edward Asner, Jordan Nagai, John Ratzenberger","78-year-old Carl Fredricksen travels to Paradise Falls in his house equipped with balloons, inadvertently taking a young stowaway."
A Clockwork Orange,1972,2h 16m,"['Crime', 'Sci-Fi']",8.2,Stanley Kubrick,"Malcolm McDowell, Patrick Magee, Michael Bates",Alex DeLarge and his droogs barbarize a decaying near-future.
To Kill a Mockingbird,1963,2h 9m,"['Crime', 'Drama']",8.3,Robert Mulligan,"Gregory Peck, John Megna, Frank Overton","Atticus Finch, a widowed lawyer in Depression-era Alabama, defends a Black man against an undeserved rape charge, and tries to educate his young children against prejudice."
Jodaeiye Nader az Simin,2011,2h 3m,['Drama'],8.3,Asghar Farhadi,"Payman Maadi, Leila Hatami, Sareh Bayat",A married couple are faced with a difficult decision - to improve the life of their child by moving to another country or to stay in Iran and look after a deteriorating parent who has Alzheimer&apos;s disease.
The Sting,1973,2h 9m,"['Comedy', 'Crime', 'Drama']",8.3,George Roy Hill,"Paul Newman, Robert Redford, Robert Shaw",Two grifters team up to pull off the ultimate con.
Die Hard,1988,2h 12m,"['Action', 'Thriller']",8.2,John McTiernan,"Bruce Willis, Alan Rickman, Bonnie Bedelia",A New York City police officer tries to save his estranged wife and several others taken hostage by terrorists during a Christmas party at the Nakatomi Plaza in Los Angeles.
Indiana Jones and the Last Crusade,1989,2h 7m,"['Action', 'Adventure']",8.2,Steven Spielberg,"Harrison Ford, Sean Connery, Alison Doody","In 1938, after his father goes missing while pursuing the Holy Grail, Indiana Jones finds himself up against the Nazis again to stop them from obtaining its powers."
Taare Zameen Par,2007,2h 42m,"['Drama', 'Family']",8.3,Aamir Khan,"Darsheel Safary, Aamir Khan, Tisca Chopra","An eight-year-old boy is thought to be a lazy trouble-maker, until the new art teacher has the patience and compassion to discover the real problem behind his struggles in school."
Metropolis,1927,2h 33m,"['Drama', 'Sci-Fi']",8.3,Fritz Lang,"Brigitte Helm, Alfred Abel, Gustav Fröhlich","In a futuristic city sharply divided between the working class and the city planners, the son of the city&apos;s mastermind falls in love with a working-class prophet who predicts the coming of a savior to mediate their differences."
Snatch,2001,1h 42m,"['Comedy', 'Crime']",8.2,Guy Ritchie,"Jason Statham, Brad Pitt, Stephen Graham","Unscrupulous boxing promoters, violent bookmakers, a Russian gangster, incompetent amateur robbers and supposedly Jewish jewelers fight to track down a priceless stolen diamond."
1917,2020,1h 59m,"['Action', 'Drama', 'History']",8.2,Sam Mendes,"Dean-Charles Chapman, George MacKay, Daniel Mays","April 6th, 1917. As an infantry battalion assembles to wage war deep in enemy territory, two soldiers are assigned to race against time and deliver a message that will stop 1,600 men from walking straight into a deadly trap."
L.A. Confidential,1997,2h 18m,"['Crime', 'Drama', 'Mystery']",8.2,Curtis Hanson,"Kevin Spacey, Russell Crowe, Guy Pearce","As corruption grows in 1950s Los Angeles, three policemen - one strait-laced, one brutal, and one sleazy - investigate a series of murders with their own brand of justice."
Ladri di biciclette,1949,1h 29m,['Drama'],8.3,Vittorio De Sica,"Lamberto Maggiorani, Enzo Staiola, Lianella Carell","In post-war Italy, a working-class man&apos;s bicycle is stolen, endangering his efforts to find work. He and his son set out to find it."
Hamilton,2020,2h 40m,"['Biography', 'Drama', 'History']",8.3,Thomas Kail,"Lin-Manuel Miranda, Phillipa Soo, Leslie Odom Jr.","The real life of one of America&apos;s foremost founding fathers and first Secretary of the Treasury, Alexander Hamilton. Captured live on Broadway from the Richard Rodgers Theater with the original Broadway cast."
Taxi Driver,1976,1h 54m,"['Crime', 'Drama']",8.2,Martin Scorsese,"Robert De Niro, Jodie Foster, Cybill Shepherd","A mentally unstable veteran works as a nighttime taxi driver in New York City, where the perceived decadence and sleaze fuels his urge for violent action."
Der Untergang,2005,2h 36m,"['Biography', 'Drama', 'History']",8.2,Oliver Hirschbiegel,"Bruno Ganz, Alexandra Maria Lara, Ulrich Matthes","Traudl Junge, the final secretary for Adolf Hitler, tells of the Nazi dictator&apos;s final days in his Berlin bunker at the end of WWII."
Dangal,2016,2h 41m,"['Action', 'Biography', 'Drama']",8.3,Nitesh Tiwari,"Aamir Khan, Sakshi Tanwar, Fatima Sana Shaikh","Mahavir Singh Phogat, a former wrestler, decides to fulfill his dream of winning a gold medal for his country by training his daughters for the Commonwealth Games despite the existing social stigmas."
Batman Begins,2005,2h 20m,"['Action', 'Crime', 'Drama']",8.2,Christopher Nolan,"Christian Bale, Michael Caine, Ken Watanabe","After witnessing his parents&apos; death, Bruce learns the art of fighting to confront injustice. When he returns to Gotham as Batman, he must stop a secret society that intends to destroy the city."
Per qualche dollaro in più,1967,2h 12m,"['Drama', 'Western']",8.2,Sergio Leone,"Clint Eastwood, Lee Van Cleef, Gian Maria Volontè",Two bounty killers with similar intentions but different motivations team up to track down a psychotic Mexican outlaw before he and his gang can carry out an audacious bank robbery.
The Wolf of Wall Street,2013,N/A,"['Biography', 'Comedy', 'Crime']",8.2,Martin Scorsese,"Leonardo DiCaprio, Jonah Hill, Margot Robbie","Based on the true story of Jordan Belfort, from his rise to a wealthy stock-broker living the high life to his fall involving crime, corruption and the federal government."
Green Book,2018,2h 10m,"['Biography', 'Comedy', 'Drama']",8.2,Peter Farrelly,"Viggo Mortensen, Mahershala Ali, Linda Cardellini",A working-class Italian-American bouncer becomes the driver for an African-American classical pianist on a tour of venues through the 1960s American South.
Some Like It Hot,1959,2h 1m,"['Comedy', 'Music', 'Romance']",8.2,Billy Wilder,"Marilyn Monroe, Tony Curtis, Jack Lemmon","After two male musicians witness a mob hit, they flee the state in an all-female band disguised as women, but further complications set in."
The Kid,1921,1h 8m,"['Comedy', 'Drama', 'Family']",8.2,Charles Chaplin,"Charles Chaplin, Edna Purviance, Jackie Coogan","The Tramp cares for an abandoned child, but events put their relationship in jeopardy."
Judgment at Nuremberg,1961,2h 59m,"['Drama', 'War']",8.3,Stanley Kramer,"Spencer Tracy, Burt Lancaster, Richard Widmark","Fictionalized depiction of the 1947 Judges&apos; Trial, the third of twelve trials of Nazi war criminals conducted by the American occupying forces in Nuremberg, Germany, in which former judges of Nazi Germany were tried for their acti..."
The Truman Show,1998,1h 43m,"['Comedy', 'Drama']",8.2,Peter Weir,"Jim Carrey, Ed Harris, Laura Linney","An insurance salesman is oblivious of the fact that his entire life is a TV show and his family members are mere actors. As he starts noticing things and uncovers the truth, he decides to escape."
The Father,2021,1h 37m,"['Drama', 'Mystery']",8.2,Florian Zeller,"Anthony Hopkins, Olivia Colman, Mark Gatiss","A man refuses all assistance from his daughter as he ages. As he tries to make sense of his changing circumstances, he begins to doubt his loved ones, his own mind and even the fabric of his reality."
All About Eve,1950,2h 18m,['Drama'],8.2,Joseph L. Mankiewicz,"Bette Davis, Anne Baxter, George Sanders",Seemingly timid but secretly ruthless ingenue Eve Harrington insinuates herself into the lives of aging Broadway star Margo Channing and her circle of theater friends in this Oscar-winning story.
Shutter Island,2010,2h 18m,"['Drama', 'Mystery', 'Thriller']",8.2,Martin Scorsese,"Leonardo DiCaprio, Emily Mortimer, Mark Ruffalo","Teddy Daniels and Chuck Aule, two US marshals, are sent to an asylum on a remote island in order to investigate the disappearance of a patient, where Teddy uncovers a shocking truth about the place."
There Will Be Blood,2008,2h 38m,['Drama'],8.2,Paul Thomas Anderson,"Daniel Day-Lewis, Paul Dano, Ciarán Hinds","A story of family, religion, hatred, oil and madness, focusing on a turn-of-the-century prospector in the early days of the business."
Top Gun: Maverick,2022,2h 10m,"['Action', 'Drama']",8.2,Joseph Kosinski,"Tom Cruise, Jennifer Connelly, Miles Teller","The story involves Maverick confronting his past while training a group of younger Top Gun graduates, including the son of his deceased best friend, for a dangerous mission."
Jurassic Park,1993,2h 7m,"['Action', 'Adventure', 'Sci-Fi']",8.2,Steven Spielberg,"Sam Neill, Laura Dern, Jeff Goldblum","An industrialist invites some experts to visit his theme park of cloned dinosaurs. After a power failure, the creatures run loose, putting everyone&apos;s lives, including his grandchildren&apos;s, in danger."
Casino,1995,2h 58m,"['Crime', 'Drama']",8.2,Martin Scorsese,"Robert De Niro, Sharon Stone, Joe Pesci","In Las Vegas, two best friends - a casino executive and a mafia enforcer - compete for a gambling empire and a fast-living, fast-loving socialite."
Ran,1985,2h 40m,"['Action', 'Drama', 'War']",8.2,Akira Kurosawa,"Tatsuya Nakadai, Akira Terao, Jinpachi Nezu","In Medieval Japan, an elderly warlord retires, handing over his empire to his three sons. However, he vastly underestimates how the new-found power will corrupt them and cause them to turn on each other...and him."
The Sixth Sense,1999,1h 47m,"['Drama', 'Mystery', 'Thriller']",8.2,M. Night Shyamalan,"Bruce Willis, Haley Joel Osment, Toni Collette","Malcolm Crowe, a child psychologist, starts treating a young boy, Cole, who encounters dead people and convinces him to help them. In turn, Cole helps Malcolm reconcile with his estranged wife."
El laberinto del fauno,2007,1h 58m,"['Drama', 'Fantasy', 'War']",8.2,Guillermo del Toro,"Ivana Baquero, Ariadna Gil, Sergi López","In the Falangist Spain of 1944, the bookish young stepdaughter of a sadistic army officer escapes into an eerie but captivating fantasy world."
Unforgiven,1992,2h 10m,"['Drama', 'Western']",8.2,Clint Eastwood,"Clint Eastwood, Gene Hackman, Morgan Freeman",Retired Old West gunslinger Will Munny reluctantly takes on one last job to avenge an injustice with the help of his old partner and a newer outlaw known simply as The Schofield Kid.
No Country for Old Men,2007,2h 2m,"['Crime', 'Drama', 'Thriller']",8.2,Ethan Coen,"Tommy Lee Jones, Javier Bardem, Josh Brolin",Violence and mayhem ensue after a hunter stumbles upon the aftermath of a drug deal gone wrong and over two million dollars in cash near the Rio Grande.
The Thing,1982,1h 49m,"['Horror', 'Mystery', 'Sci-Fi']",8.2,John Carpenter,"Kurt Russell, Wilford Brimley, Keith David",A research team in Antarctica is hunted by a shape-shifting alien that assumes the appearance of its victims.
A Beautiful Mind,2002,2h 15m,"['Biography', 'Drama', 'Mystery']",8.2,Ron Howard,"Russell Crowe, Ed Harris, Jennifer Connelly","A mathematical genius, John Nash made an astonishing discovery early in his career and stood on the brink of international acclaim. But the handsome and arrogant Nash soon found himself on a harrowing journey of self-discovery."
Kill Bill: Vol. 1,2003,1h 51m,"['Action', 'Crime', 'Thriller']",8.2,Quentin Tarantino,"Uma Thurman, David Carradine, Daryl Hannah","After waking from a 4-year coma, a former assassin wreaks vengeance on the team of assassins who betrayed her."
The Treasure of the Sierra Madre,1948,2h 6m,"['Adventure', 'Drama', 'Western']",8.2,John Huston,"Humphrey Bogart, Walter Huston, Tim Holt",Two down-on-their-luck Americans searching for work in 1920s Mexico convince an old prospector to help them mine for gold in the Sierra Madre Mountains.
Yôjinbô,1961,1h 50m,"['Action', 'Drama', 'Thriller']",8.2,Akira Kurosawa,"Toshirô Mifune, Eijirô Tôno, Tatsuya Nakadai",A crafty ronin comes to a town divided by two criminal gangs and decides to play them against each other to free the town.
The Great Escape,1963,2h 52m,"['Adventure', 'Drama', 'Thriller']",8.2,John Sturges,"Steve McQueen, James Garner, Richard Attenborough",Allied prisoners of war plan for several hundred of their men to escape from a German camp during World War II.
Monty Python and the Holy Grail,1975,1h 31m,"['Adventure', 'Comedy', 'Fantasy']",8.2,Terry Gilliam,"Graham Chapman, John Cleese, Eric Idle","King Arthur and his Knights of the Round Table embark on a surreal, low-budget search for the Holy Grail, encountering many, very silly obstacles."
Finding Nemo,2003,1h 40m,"['Animation', 'Adventure', 'Comedy']",8.2,Andrew Stanton,"Albert Brooks, Ellen DeGeneres, Alexander Gould","After his son is captured in the Great Barrier Reef and taken to Sydney, a timid clownfish sets out on a journey to bring him home."
Prisoners,2013,2h 33m,"['Crime', 'Drama', 'Mystery']",8.2,Denis Villeneuve,"Hugh Jackman, Jake Gyllenhaal, Viola Davis","When Keller Dover&apos;s daughter and her friend go missing, he takes matters into his own hands as the police pursue multiple leads and the pressure mounts."
Hauru no ugoku shiro,2005,1h 59m,"['Animation', 'Adventure', 'Family']",8.2,Hayao Miyazaki,"Chieko Baishô, Takuya Kimura, Tatsuya Gashûin","When an unconfident young woman is cursed with an old body by a spiteful witch, her only chance of breaking the spell lies with a self-indulgent yet insecure young wizard and his companions in his legged, walking castle."
Rashômon,1951,1h 28m,"['Crime', 'Drama', 'Mystery']",8.2,Akira Kurosawa,"Toshirô Mifune, Machiko Kyô, Masayuki Mori","The rape of a bride and the murder of her samurai husband are recalled from the perspectives of a bandit, the bride, the samurai&apos;s ghost and a woodcutter."
The Elephant Man,1980,2h 4m,"['Biography', 'Drama']",8.2,David Lynch,"Anthony Hopkins, John Hurt, Anne Bancroft","A Victorian surgeon rescues a heavily disfigured man who is mistreated while scraping a living as a side-show freak. Behind his monstrous façade, there is revealed a person of kindness, intelligence and sophistication."
Dial M for Murder,1954,1h 45m,"['Crime', 'Thriller']",8.2,Alfred Hitchcock,"Ray Milland, Grace Kelly, Robert Cummings",A former tennis star arranges the murder of his adulterous wife.
Chinatown,1974,2h 10m,"['Drama', 'Mystery', 'Thriller']",8.1,Roman Polanski,"Jack Nicholson, Faye Dunaway, John Huston","A private detective hired to expose an adulterer in 1930s Los Angeles finds himself caught up in a web of deceit, corruption, and murder."
Gone with the Wind,1940,3h 58m,"['Drama', 'Romance', 'War']",8.2,Victor Fleming,"Clark Gable, Vivien Leigh, Thomas Mitchell",A sheltered and manipulative Southern belle and a roguish profiteer face off in a turbulent romance as the society around them crumbles with the end of slavery and is rebuilt during the Civil War and Reconstruction periods.
"Lock, Stock and Two Smoking Barrels",1998,1h 47m,"['Action', 'Comedy', 'Crime']",8.1,Guy Ritchie,"Jason Flemyng, Dexter Fletcher, Nick Moran","Eddy persuades his three pals to pool money for a vital poker game against a powerful local mobster, Hatchet Harry. Eddy loses, after which Harry gives him a week to pay back 500,000 pounds."
El secreto de sus ojos,2010,2h 9m,"['Drama', 'Mystery', 'Romance']",8.2,Juan José Campanella,"Ricardo Darín, Soledad Villamil, Pablo Rago",A retired legal counselor writes a novel hoping to find closure for one of his past unresolved homicide cases and for his unreciprocated love with his superior - both of which still haunt him decades later.
V for Vendetta,2006,2h 12m,"['Action', 'Drama', 'Sci-Fi']",8.1,James McTeigue,"Hugo Weaving, Natalie Portman, Rupert Graves","In a future British dystopian society, a shadowy freedom fighter, known only by the alias of &quot;V&quot;, plots to overthrow the tyrannical government - with the help of a young woman."
Inside Out,2015,1h 35m,"['Animation', 'Adventure', 'Comedy']",8.1,Pete Docter,"Amy Poehler, Bill Hader, Lewis Black","After young Riley is uprooted from her Midwest life and moved to San Francisco, her emotions - Joy, Fear, Anger, Disgust and Sadness - conflict on how best to navigate a new city, house, and school."
Raging Bull,1980,2h 9m,"['Biography', 'Drama', 'Sport']",8.1,Martin Scorsese,"Robert De Niro, Cathy Moriarty, Joe Pesci","The life of boxer Jake LaMotta, whose violence and temper that led him to the top in the ring destroyed his life outside of it."
"Three Billboards Outside Ebbing, Missouri",2017,1h 55m,"['Comedy', 'Crime', 'Drama']",8.1,Martin McDonagh,"Frances McDormand, Woody Harrelson, Sam Rockwell",A mother personally challenges the local authorities to solve her daughter&apos;s murder when they fail to catch the culprit.
Trainspotting,1996,1h 33m,['Drama'],8.1,Danny Boyle,"Ewan McGregor, Ewen Bremner, Jonny Lee Miller","Renton, deeply immersed in the Edinburgh drug scene, tries to clean up and get out despite the allure of drugs and the influence of friends."
The Bridge on the River Kwai,1957,2h 41m,"['Adventure', 'Drama', 'War']",8.1,David Lean,"William Holden, Alec Guinness, Jack Hawkins","British POWs are forced to build a railway bridge across the river Kwai for their Japanese captors in occupied Burma, not knowing that the allied forces are planning a daring commando raid through the jungle to destroy it."
Klaus,2019,1h 36m,"['Animation', 'Adventure', 'Comedy']",8.2,Sergio Pablos,"Jason Schwartzman, J.K. Simmons, Rashida Jones","A simple act of kindness always sparks another, even in a frozen, faraway place. When Smeerensburg&apos;s new postman, Jesper, befriends toymaker Klaus, their gifts melt an age-old feud and deliver a sleigh full of holiday traditions."
Catch Me If You Can,2002,2h 21m,"['Biography', 'Crime', 'Drama']",8.1,Steven Spielberg,"Leonardo DiCaprio, Tom Hanks, Christopher Walken","Barely 17 yet, Frank is a skilled forger who has passed as a doctor, lawyer and pilot. FBI agent Carl becomes obsessed with tracking down the con man, who only revels in the pursuit."
Fargo,1996,1h 38m,"['Crime', 'Thriller']",8.1,Joel Coen,"William H. Macy, Frances McDormand, Steve Buscemi",Minnesota car salesman Jerry Lundegaard&apos;s inept crime falls apart due to his and his henchmen&apos;s bungling and the persistent police work of the quite pregnant Marge Gunderson.
Warrior,2011,2h 20m,"['Action', 'Drama', 'Sport']",8.1,Gavin O&apos;Connor,"Tom Hardy, Nick Nolte, Joel Edgerton","The youngest son of an alcoholic former boxer returns home, where he&apos;s trained by his father for competition in a mixed martial arts tournament - a path that puts the fighter on a collision course with his estranged, older brother."
Spider-Man: No Way Home,2021,2h 28m,"['Action', 'Adventure', 'Fantasy']",8.2,Jon Watts,"Tom Holland, Zendaya, Benedict Cumberbatch","With Spider-Man&apos;s identity now revealed, Peter asks Doctor Strange for help. When a spell goes wrong, dangerous foes from other worlds start to appear."
Gran Torino,2009,1h 56m,['Drama'],8.1,Clint Eastwood,"Clint Eastwood, Bee Vang, Christopher Carley","After a Hmong teenager tries to steal his prized 1972 Gran Torino, a disgruntled, prejudiced Korean War veteran seeks to redeem both the boy and himself."
Harry Potter and the Deathly Hallows - Part 2,2011,2h 10m,"['Adventure', 'Family', 'Fantasy']",8.1,David Yates,"Daniel Radcliffe, Emma Watson, Rupert Grint","Harry, Ron, and Hermione search for Voldemort&apos;s remaining Horcruxes in their effort to destroy the Dark Lord as the final battle rages on at Hogwarts."
Million Dollar Baby,2005,2h 12m,"['Drama', 'Sport']",8.1,Clint Eastwood,"Hilary Swank, Clint Eastwood, Morgan Freeman","Frankie, an ill-tempered old coach, reluctantly agrees to train aspiring boxer Maggie. Impressed with her determination and talent, he helps her become the best and the two soon form a close bond."
Tonari no Totoro,1990,1h 26m,"['Animation', 'Comedy', 'Family']",8.1,Hayao Miyazaki,"Hitoshi Takagi, Noriko Hidaka, Chika Sakamoto","When two girls move to the country to be near their ailing mother, they have adventures with the wondrous forest spirits who live nearby."
Mad Max: Fury Road,2015,N/A,"['Action', 'Adventure', 'Sci-Fi']",8.1,George Miller,"Tom Hardy, Charlize Theron, Nicholas Hoult","In a post-apocalyptic wasteland, a woman rebels against a tyrannical ruler in search for her homeland with the aid of a group of female prisoners, a psychotic worshipper and a drifter named Max."
Bacheha-Ye aseman,1999,1h 29m,"['Drama', 'Family', 'Sport']",8.2,Majid Majidi,"Mohammad Amir Naji, Amir Farrokh Hashemian, Bahare Seddiqi","After a boy loses his sister&apos;s pair of shoes, he goes on a series of adventures in order to find them. When he can&apos;t, he tries a new way to &quot;win&quot; a new pair."
Ben-Hur,1959,3h 32m,"['Adventure', 'Drama']",8.1,William Wyler,"Charlton Heston, Jack Hawkins, Stephen Boyd","After a Jewish prince is betrayed and sent into slavery by a Roman friend in 1st-century Jerusalem, he regains his freedom and comes back for revenge."
12 Years a Slave,2013,2h 14m,"['Biography', 'Drama', 'History']",8.1,Steve McQueen,"Chiwetel Ejiofor, Michael Kenneth Williams, Michael Fassbender","In the antebellum United States, Solomon Northup, a free black man from upstate New York, is abducted and sold into slavery."
Barry Lyndon,1975,3h 5m,"['Adventure', 'Drama', 'War']",8.1,Stanley Kubrick,"Ryan O&apos;Neal, Marisa Berenson, Patrick Magee",An Irish rogue wins the heart of a rich widow and assumes her dead husband&apos;s aristocratic position in 18th-century England.
Before Sunrise,1995,1h 41m,"['Drama', 'Romance']",8.1,Richard Linklater,"Ethan Hawke, Julie Delpy, Andrea Eckert","A young man and woman meet on a train in Europe, and wind up spending one evening together in Vienna. Unfortunately, both know that this will probably be their only night together."
Blade Runner,1982,1h 57m,"['Action', 'Drama', 'Sci-Fi']",8.1,Ridley Scott,"Harrison Ford, Rutger Hauer, Sean Young",A blade runner must pursue and terminate four replicants who stole a ship in space and have returned to Earth to find their creator.
The Grand Budapest Hotel,2014,1h 39m,"['Adventure', 'Comedy', 'Crime']",8.1,Wes Anderson,"Ralph Fiennes, F. Murray Abraham, Mathieu Amalric","A writer encounters the owner of an aging high-class hotel, who tells him of his early years serving as a lobby boy in the hotel&apos;s glorious years under an exceptional concierge."
Hacksaw Ridge,2016,2h 19m,"['Biography', 'Drama', 'History']",8.1,Mel Gibson,"Andrew Garfield, Sam Worthington, Luke Bracey","World War II American Army Medic Desmond T. Doss, serving during the Battle of Okinawa, refuses to kill people and becomes the first man in American history to receive the Medal of Honor without firing a shot."
Gone Girl,2014,2h 29m,"['Drama', 'Mystery', 'Thriller']",8.1,David Fincher,"Ben Affleck, Rosamund Pike, Neil Patrick Harris","With his wife&apos;s disappearance having become the focus of an intense media circus, a man sees the spotlight turned on him when it&apos;s suspected that he may not be innocent."
Dead Poets Society,1989,2h 8m,"['Comedy', 'Drama']",8.1,Peter Weir,"Robin Williams, Robert Sean Leonard, Ethan Hawke","Maverick teacher John Keating returns in 1959 to the prestigious New England boys&apos; boarding school where he was once a star student, using poetry to embolden his pupils to new heights of self-expression."
Salinui chueok,2003,2h 12m,"['Crime', 'Drama', 'Mystery']",8.1,Bong Joon Ho,"Song Kang-ho, Kim Sang-kyung, Kim Roe-ha","In a small Korean province in 1986, two detectives struggle with the case of multiple young women being found raped and murdered by an unknown culprit."
In the Name of the Father,1994,2h 13m,"['Biography', 'Crime', 'Drama']",8.1,Jim Sheridan,"Daniel Day-Lewis, Pete Postlethwaite, Alison Crosbie","An Irish man&apos;s coerced confession to an I.R.A. bombing he did not commit results in the imprisonment of his father as well. Meanwhile, a British lawyer fights to clear their names and free them."
The Gold Rush,1925,1h 35m,"['Adventure', 'Comedy', 'Drama']",8.1,Charles Chaplin,"Charles Chaplin, Mack Swain, Tom Murray","A prospector goes to the Klondike during the 1890s gold rush in hopes of making his fortune, and is smitten with a girl he sees in a dance hall."
Maharaja,2024,2h 21m,"['Action', 'Crime', 'Drama']",8.6,Nithilan Saminathan,"Vijay Sethupathi, Anurag Kashyap, Mamta Mohandas","A barber seeks vengeance after his home is burglarized, cryptically telling police his &quot;lakshmi&quot; has been taken, leaving them uncertain if it&apos;s a person or object. His quest to recover the elusive &quot;lakshmi&quot; unfolds."
"Monsters, Inc.",2001,1h 32m,"['Animation', 'Adventure', 'Comedy']",8.1,Pete Docter,"Billy Crystal, John Goodman, Mary Gibbs","In order to power the city, monsters have to scare children so that they scream. However, the children are toxic to the monsters, and after a child gets through, two monsters realize things may not be what they think."
Relatos salvajes,2014,2h 2m,"['Comedy', 'Drama', 'Thriller']",8.1,Damián Szifron,"Darío Grandinetti, María Marull, Mónica Villa",Six short stories that explore the extremities of human behavior involving people in distress.
The Deer Hunter,1979,3h 3m,"['Drama', 'War']",8.1,Michael Cimino,"Robert De Niro, Christopher Walken, John Cazale",An in-depth examination of the ways in which the Vietnam War impacts and disrupts the lives of several friends in a small steel mill town in Pennsylvania.
The General,1927,1h 18m,"['Action', 'Adventure', 'Comedy']",8.1,Clyde Bruckman,"Buster Keaton, Marion Mack, Glen Cavender","After being rejected by the Confederate military, not realizing it was due to his crucial civilian role, an engineer must single-handedly recapture his beloved locomotive after it is seized by Union spies and return it through ene..."
Jaws,1975,2h 4m,"['Adventure', 'Drama', 'Thriller']",8.1,Steven Spielberg,"Roy Scheider, Robert Shaw, Richard Dreyfuss","When a killer shark unleashes chaos on a beach community off Cape Cod, it&apos;s up to a local sheriff, a marine biologist, and an old seafarer to hunt the beast down."
Sherlock Jr.,1924,N/A,"['Action', 'Comedy', 'Romance']",8.2,Buster Keaton,"Buster Keaton, Kathryn McGuire, Joe Keaton","A film projectionist longs to be a detective, and puts his meagre skills to work when he is framed by a rival for stealing his girlfriend&apos;s father&apos;s pocketwatch."
On the Waterfront,1954,1h 48m,"['Crime', 'Drama', 'Thriller']",8.1,Elia Kazan,"Marlon Brando, Karl Malden, Lee J. Cobb","An ex-prize fighter turned New Jersey longshoreman struggles to stand up to his corrupt union bosses, including his older brother, as he starts to connect with the grieving sister of one of the syndicate&apos;s victims."
How to Train Your Dragon,2010,1h 38m,"['Animation', 'Action', 'Adventure']",8.1,Dean DeBlois,"Jay Baruchel, Gerard Butler, Christopher Mintz-Plasse","A hapless young Viking who aspires to hunt dragons becomes the unlikely friend of a young dragon himself, and learns there may be more to the creatures than he assumed."
Ratatouille,2007,1h 51m,"['Animation', 'Adventure', 'Comedy']",8.1,Brad Bird,"Brad Garrett, Lou Romano, Patton Oswalt",A rat who can cook makes an unusual alliance with a young kitchen worker at a famous Paris restaurant.
Mary and Max.,2009,1h 32m,"['Animation', 'Comedy', 'Drama']",8.1,Adam Elliot,"Toni Collette, Philip Seymour Hoffman, Eric Bana","In 1976 Melbourne, a lonely 8-year-old girl strikes up a correspondence with an unlikely pen pal: a severely obese 44-year-old New Yorker with Asperger&apos;s syndrome."
The Third Man,1950,1h 33m,"['Film-Noir', 'Mystery', 'Thriller']",8.1,Carol Reed,"Orson Welles, Joseph Cotten, Alida Valli","Pulp novelist Holly Martins travels to shadowy, postwar Vienna, only to find himself investigating the mysterious death of an old friend, Harry Lime."
Le salaire de la peur,1955,2h 11m,"['Adventure', 'Drama', 'Thriller']",8.1,Henri-Georges Clouzot,"Yves Montand, Charles Vanel, Peter van Eyck","In a decrepit South American village, four men are hired to transport an urgent nitroglycerine shipment without the equipment that would make it safe."
Smultronstället,1959,1h 32m,"['Drama', 'Romance']",8.1,Ingmar Bergman,"Victor Sjöström, Bibi Andersson, Ingrid Thulin","After living a life marked by coldness, an aging professor is forced to confront the emptiness of his existence."
Ford v Ferrari,2019,2h 32m,"['Action', 'Biography', 'Drama']",8.1,James Mangold,"Matt Damon, Christian Bale, Jon Bernthal",American car designer Carroll Shelby and driver Ken Miles battle corporate interference and the laws of physics to build a revolutionary race car for Ford in order to defeat Ferrari at the 24 Hours of Le Mans in 1966.
Mr. Smith Goes to Washington,1939,2h 9m,"['Comedy', 'Drama']",8.1,Frank Capra,"James Stewart, Jean Arthur, Claude Rains","A naive youth leader is appointed to fill a vacancy in the U.S. Senate. His idealistic plans promptly collide with corruption at home and subterfuge from his hero in Washington, but he tries to forge ahead despite attacks on his c..."
Tôkyô monogatari,1972,2h 16m,['Drama'],8.1,Yasujirô Ozu,"Chishû Ryû, Chieko Higashiyama, Sô Yamamura","An old couple visit their children and grandchildren in the city, but receive little attention."
Logan,2017,2h 17m,"['Action', 'Drama', 'Sci-Fi']",8.1,James Mangold,"Hugh Jackman, Patrick Stewart, Dafne Keen","In a future where mutants are nearly extinct, an elderly and weary Logan leads a quiet life. But when Laura, a mutant child pursued by scientists, comes to him for help, he must get her to safety."
Rocky,1976,N/A,"['Drama', 'Sport']",8.1,John G. Avildsen,"Sylvester Stallone, Talia Shire, Burt Young",A small-time Philadelphia boxer gets a supremely rare chance to fight the world heavyweight champion in a bout in which he strives to go the distance for his self-respect.
The Big Lebowski,1998,1h 57m,"['Comedy', 'Crime']",8.1,Joel Coen,"Jeff Bridges, John Goodman, Julianne Moore","Jeff &quot;The Dude&quot; Lebowski, mistaken for a millionaire of the same name, seeks restitution for his ruined rug and enlists his bowling buddies to help get it."
Det sjunde inseglet,1958,1h 36m,"['Drama', 'Fantasy']",8.1,Ingmar Bergman,"Max von Sydow, Gunnar Björnstrand, Bengt Ekerot","A knight returning to Sweden after the Crusades seeks answers about life, death, and the existence of God as he plays chess against the Grim Reaper during the Black Plague."
Room,2016,1h 58m,"['Drama', 'Thriller']",8.1,Lenny Abrahamson,"Brie Larson, Jacob Tremblay, Sean Bridgers","A little boy is held captive in a room with his mother since his birth, so he has never known the world outside."
Spotlight,2015,2h 9m,"['Biography', 'Crime', 'Drama']",8.1,Tom McCarthy,"Mark Ruffalo, Michael Keaton, Rachel McAdams","The true story of how the Boston Globe uncovered the massive scandal of child molestation and cover-up within the local Catholic Archdiocese, shaking the entire Catholic Church to its core."
The Terminator,1984,1h 47m,"['Action', 'Adventure', 'Sci-Fi']",8.1,James Cameron,"Arnold Schwarzenegger, Linda Hamilton, Michael Biehn","The Terminator, a cyborg assassin from the future, attempts to find and kill Sarah Connor, a waitress who is destined to give birth to a man who will save humankind from extinction."
Hotel Rwanda,2005,2h 1m,"['Biography', 'Drama', 'History']",8.1,Terry George,"Don Cheadle, Sophie Okonedo, Joaquin Phoenix","Paul Rusesabagina, a hotel manager, houses over a thousand Tutsi refugees during their struggle against the Hutu militia in Rwanda, Africa."
Platoon,1987,N/A,"['Drama', 'War']",8.1,Oliver Stone,"Charlie Sheen, Tom Berenger, Willem Dafoe","Chris Taylor, a neophyte recruit in Vietnam, finds himself caught in a battle of wills between two sergeants, one good and the other evil. A shrewd examination of the brutality of war and the duality of man in conflict."
La haine,1996,1h 38m,"['Crime', 'Drama']",8.1,Mathieu Kassovitz,"Vincent Cassel, Hubert Koundé, Saïd Taghmaoui",24 hours in the lives of three young men in the French suburbs the day after a violent riot.
Pirates of the Caribbean: The Curse of the Black Pearl,2003,2h 23m,"['Action', 'Adventure', 'Fantasy']",8.1,Gore Verbinski,"Johnny Depp, Geoffrey Rush, Orlando Bloom","Blacksmith Will Turner teams up with eccentric pirate &quot;Captain&quot; Jack Sparrow to save Elizabeth Swann, the governor&apos;s daughter and his love, from Jack&apos;s former pirate allies, who are now undead."
Before Sunset,2004,1h 20m,"['Drama', 'Romance']",8.1,Richard Linklater,"Ethan Hawke, Julie Delpy, Vernon Dobtcheff","Nine years after Jesse and Celine first met, they encounter each other again on the French leg of Jesse&apos;s book tour."
La passion de Jeanne d&apos;Arc,1928,1h 54m,"['Biography', 'Drama', 'History']",8.1,Carl Theodor Dreyer,"Maria Falconetti, Eugene Silvain, André Berley","In 1431, Jeanne d&apos;Arc is placed on trial on charges of heresy. The ecclesiastical jurists attempt to force Jeanne to recant her claims of holy visions."
Jai Bhim,2021,2h 44m,"['Crime', 'Drama', 'Mystery']",8.7,T.J. Gnanavel,"Suriya, Lijo Mol Jose, Manikandan K.","When a tribal man is arrested for a case of alleged theft, his wife turns to a human-rights lawyer to help bring justice."
The Best Years of Our Lives,1947,2h 50m,"['Drama', 'Romance', 'War']",8.1,William Wyler,"Myrna Loy, Dana Andrews, Fredric March","Three World War II veterans, two of them traumatized or disabled, return home to the American midwest to discover that they and their families have been irreparably changed."
The Exorcist,1973,2h 2m,['Horror'],8.1,William Friedkin,"Ellen Burstyn, Max von Sydow, Linda Blair","When a mysterious entity possesses a young girl, her mother seeks the help of two Catholic priests to save her life."
Rush,2013,2h 3m,"['Action', 'Biography', 'Drama']",8.1,Ron Howard,"Daniel Brühl, Chris Hemsworth, Olivia Wilde","James Hunt and Niki Lauda, two extremely skilled Formula One racers, have an intense rivalry with each other. However, it is their enmity that pushes them to their limits."
The Wizard of Oz,1939,1h 42m,"['Adventure', 'Family', 'Fantasy']",8.1,Victor Fleming,"Judy Garland, Frank Morgan, Ray Bolger","Young Dorothy Gale and her dog Toto are swept away by a tornado from their Kansas farm to the magical Land of Oz and embark on a quest with three new friends to see the Wizard, who can return her to her home and fulfill the others..."
Network,1976,2h 1m,['Drama'],8.1,Sidney Lumet,"Faye Dunaway, William Holden, Peter Finch","A television network cynically exploits a deranged former anchor&apos;s ravings and revelations about the news media for its own profit, but finds that his message may be difficult to control."
The Incredibles,2004,1h 55m,"['Animation', 'Action', 'Adventure']",8.0,Brad Bird,"Craig T. Nelson, Samuel L. Jackson, Holly Hunter","While trying to lead a quiet suburban life, a family of undercover superheroes are forced into action to save the world."
Stand by Me,1986,1h 29m,"['Adventure', 'Comedy', 'Drama']",8.1,Rob Reiner,"Wil Wheaton, River Phoenix, Corey Feldman",A writer recounts a childhood journey with his friends to find the body of a missing boy.
Hachi: A Dog&apos;s Tale,2010,1h 33m,"['Biography', 'Drama', 'Family']",8.1,Lasse Hallström,"Richard Gere, Joan Allen, Cary-Hiroyuki Tagawa","Professor Wilson discovers a lost Akita puppy on his way home. Despite objections from his wife, Hachi endears himself to the family and grows to be Parker&apos;s loyal companion. As their bond grows deeper, a beautiful relationship un..."
The Sound of Music,1965,2h 52m,"['Biography', 'Drama', 'Family']",8.1,Robert Wise,"Julie Andrews, Christopher Plummer, Eleanor Parker",A young novice is sent by her convent in 1930s Austria to become a governess to the seven children of a widowed naval officer.
Babam ve Oglum,2005,1h 52m,"['Drama', 'Family']",8.2,Çagan Irmak,"Çetin Tekindor, Fikret Kuskan, Hümeyra",The family of a left-wing journalist is torn apart after the military coup of Turkey in 1980.
Ah-ga-ssi,2017,2h 25m,"['Drama', 'Romance', 'Thriller']",8.1,Park Chan-wook,"Kim Min-hee, Ha Jung-woo, Cho Jin-woong","In 1930s Korea, a girl is hired as a handmaiden to a Japanese heiress who lives a secluded life on a countryside estate. But the maid has a secret: She is a pickpocket recruited by a swindler to help seduce the Lady and steal her ..."
To Be or Not to Be,1942,1h 39m,"['Comedy', 'Romance', 'War']",8.1,Ernst Lubitsch,"Carole Lombard, Jack Benny, Robert Stack","During the German occupation of Poland, an acting troupe becomes embroiled in a Polish soldier&apos;s efforts to track down a German spy."
Into the Wild,2007,2h 28m,"['Adventure', 'Biography', 'Drama']",8.1,Sean Penn,"Emile Hirsch, Vince Vaughn, Catherine Keener","After graduating from Emory University, top student and athlete Christopher McCandless abandons his possessions, gives his entire $24,000 savings account to charity and hitchhikes to Alaska to live in the wilderness."
La battaglia di Algeri,1967,2h 1m,"['Drama', 'War']",8.1,Gillo Pontecorvo,"Brahim Hadjadj, Jean Martin, Yacef Saadi","In the 1950s, fear and violence escalate as the people of Algiers fight for independence from the French government."
Groundhog Day,1993,1h 41m,"['Comedy', 'Drama', 'Fantasy']",8.0,Harold Ramis,"Bill Murray, Andie MacDowell, Chris Elliott","A narcissistic, self-centered weatherman finds himself in a time loop on Groundhog Day."
The Grapes of Wrath,1940,2h 9m,['Drama'],8.1,John Ford,"Henry Fonda, Jane Darwell, John Carradine","An Oklahoma family, driven off their farm by the poverty and hopelessness of the Dust Bowl, joins the westward migration to California, suffering the misfortunes of the homeless in the Great Depression."
The Iron Giant,1999,1h 26m,"['Animation', 'Action', 'Adventure']",8.1,Brad Bird,"Eli Marienthal, Harry Connick Jr., Jennifer Aniston",A young boy befriends a giant robot from outer space that a paranoid government agent wants to destroy.
Amores perros,2001,2h 34m,"['Drama', 'Thriller']",8.0,Alejandro G. Iñárritu,"Emilio Echevarría, Gael García Bernal, Goya Toledo","An amateur dog fighter, a supermodel, and a derelict assassin, all separately struggling to find love, find their lives transformed by a devastating car wreck in Mexico City."
Rebecca,1940,2h 10m,"['Drama', 'Mystery', 'Romance']",8.1,Alfred Hitchcock,"Laurence Olivier, Joan Fontaine, George Sanders",A self-conscious woman juggles adjusting to her new role as an aristocrat&apos;s wife and avoiding being intimidated by his first wife&apos;s spectral presence.
Cool Hand Luke,1967,2h 7m,"['Crime', 'Drama']",8.1,Stuart Rosenberg,"Paul Newman, George Kennedy, Strother Martin","A laid-back Southern man is sentenced to two years in a rural prison, but refuses to conform."
The Help,2011,2h 26m,['Drama'],8.1,Tate Taylor,"Viola Davis, Emma Stone, Octavia Spencer","An aspiring author during the civil rights movement of the 1960s decides to write a book detailing the African American maids&apos; point of view on the white families for which they work, and the hardships they go through on a daily b..."
It Happened One Night,1934,1h 45m,"['Comedy', 'Romance']",8.1,Frank Capra,"Clark Gable, Claudette Colbert, Walter Connolly",A rogue reporter trailing a runaway heiress for a big story joins her on a bus heading from Florida to New York and they end up stuck with each other when the bus leaves them behind at one of the stops along the way.
Aladdin,1992,1h 30m,"['Animation', 'Adventure', 'Comedy']",8.0,Ron Clements,"Scott Weinger, Robin Williams, Linda Larkin",A kind-hearted street urchin and a power-hungry Grand Vizier vie for a magic lamp that has the power to make their deepest wishes come true.
"Paris, Texas",1984,2h 25m,['Drama'],8.1,Wim Wenders,"Harry Dean Stanton, Nastassja Kinski, Dean Stockwell","Travis Henderson, an aimless drifter who has been missing for four years, wanders out of the desert and must reconnect with society, himself, his life, and his family."
Dances with Wolves,1990,3h 1m,"['Adventure', 'Drama', 'Western']",8.0,Kevin Costner,"Kevin Costner, Mary McDonnell, Graham Greene","Lieutenant John Dunbar, assigned to a remote western Civil War outpost, finds himself engaging with a neighbouring Sioux settlement, causing him to question his own purpose."
